Workbook

Sheet Игра
A1: Игра «Балда / Королевский квадрат»
B2: Введите Имена игроков в поле B3 и B4 | G2: Введите слово из 5 букв в ячейку G3
A3: Игрок 1: | B3: Павел | D3: Счёт игрока 1: | E3: =Формулы!B4 -> 3 | G3: ПАШГА
A4: Игрок 2: | B4: Егор | D4: Счёт игрока 2: | E4: =Формулы!B5 -> 4
D5: Ход: | E5: =IF(COUNTA(B12:F16)=0,"Игрок 1",IF(MOD(COUNTA(B12:F16)-1,2)=0,"Игрок 1","Игрок 2")) -> Игрок 1
A11: Игровое поле
H12: =IF(H19>H20,"Выигрывает игрок 1","Выигрывает игрок 2") -> Выигрывает игрок 2
B14: =MID($G3,1,1) -> П | C14: =MID($G3,2,1) -> А | D14: =MID($G3,3,1) -> Ш | E14: =MID($G3,4,1) -> Г | F14: =MID($G3,5,1) -> А
G17: Статистика
G18: Игрок | H18: Очки
A19: Журнал ходов | G19: Игрок 1 | H19: =Формулы!B4 -> 3
A20: № | B20: Игрок | C20: Слово | D20: Буква | E20: Очки | G20: Игрок 2 | H20: =Формулы!B5 -> 4
A21: 1 | B21: =IF(C21="","",IF(MOD(A21-1,2)=0,$B$3,$B$4)) -> Павел | C21: таз | D21: з | E21: =IF(C21="","",LEN(C21)) -> 3
A22: 2 | B22: =IF(C22="","",IF(MOD(A22-1,2)=0,$B$3,$B$4)) -> Егор | C22: март | D22: м | E22: =IF(C22="","",LEN(C22)) -> 4
A23: 3 | B23: =IF(C23="","",IF(MOD(A23-1,2)=0,$B$3,$B$4)) | E23: =IF(C23="","",LEN(C23))
A24: 4 | B24: =IF(C24="","",IF(MOD(A24-1,2)=0,$B$3,$B$4)) | E24: =IF(C24="","",LEN(C24))
A25: 5 | B25: =IF(C25="","",IF(MOD(A25-1,2)=0,$B$3,$B$4)) | E25: =IF(C25="","",LEN(C25))
A26: 6 | B26: =IF(C26="","",IF(MOD(A26-1,2)=0,$B$3,$B$4)) | E26: =IF(C26="","",LEN(C26))
A27: 7 | B27: =IF(C27="","",IF(MOD(A27-1,2)=0,$B$3,$B$4)) | E27: =IF(C27="","",LEN(C27))
A28: 8 | B28: =IF(C28="","",IF(MOD(A28-1,2)=0,$B$3,$B$4)) | E28: =IF(C28="","",LEN(C28))
A29: 9 | B29: =IF(C29="","",IF(MOD(A29-1,2)=0,$B$3,$B$4)) | E29: =IF(C29="","",LEN(C29))
A30: 10 | B30: =IF(C30="","",IF(MOD(A30-1,2)=0,$B$3,$B$4)) | E30: =IF(C30="","",LEN(C30))
A31: 11 | B31: =IF(C31="","",IF(MOD(A31-1,2)=0,$B$3,$B$4)) | E31: =IF(C31="","",LEN(C31))
A32: 12 | B32: =IF(C32="","",IF(MOD(A32-1,2)=0,$B$3,$B$4)) | E32: =IF(C32="","",LEN(C32))
A33: 13 | B33: =IF(C33="","",IF(MOD(A33-1,2)=0,$B$3,$B$4)) | E33: =IF(C33="","",LEN(C33))
A34: 14 | B34: =IF(C34="","",IF(MOD(A34-1,2)=0,$B$3,$B$4)) | E34: =IF(C34="","",LEN(C34))
... A40: 20 | B40: =IF(C40="","",IF(MOD(A40-1,2)=0,$B$3,$B$4)) | E40: =IF(C40="","",LEN(C40))

Sheet Формулы
A1: Все формулы, использованные в файле
A3: Показатель | B3: Формула | C3: Назначение
A4: Счёт игрока 1 | B4: =SUMIF(Игра!B21:B40,Игра!B3,Игра!E21:E40) -> 3 | C4: Суммирует очки игрока 1
A5: Счёт игрока 2 | B5: =SUMIF(Игра!B21:B40,Игра!B4,Игра!E21:E40) -> 4 | C5: Суммирует очки игрока 2
A6: Текущий ход | B6: =IF(COUNTA(Игра!B12:F16)=0,"Игрок 1",IF(MOD(COUNTA(Игра!B12:F16)-1,2)=0,"Игрок 1","Игрок 2")) -> Игрок 1 | C6: Определяет игрока по числу занятых клеток
A8: Победитель | B8: =IF(B4=B5, "Ничья", IF(B4>B5,Игра!B3,Игра!B4)) -> Егор | C8: Сравнивает итоговые очки
A11: Итог | B11: =IF(B4=B5,"Ничья",IF(B4>B5,Игра!B3,Игра!B4)) -> Егор | C11: Имя победителя или «Ничья»
A13: ЕСЛИ
A14: СУММЕСЛИ

Sheet Правила
A1: Правила игры
A3: Цель: составлять слова на поле 5×5, добавляя по одной букве.
A4: В начале используется центральное слово «БАЛДА».
A5: Каждая новая буква должна добавляться в свободную клетку рядом с уже занятыми клетками.
A6: Слово должно состоять из букв, соединённых по соседним клеткам по горизонтали или вертикали.
A7: Одну и ту же клетку нельзя использовать дважды в одном слове.
A8: За слово игрок получает столько очков, сколько в нём букв.
A9: В этом шаблоне Excel автоматически считает очки по длине слова, но не проверяет слова по словарю.
A10: Победитель определяется по сумме очков в журнале ходов.

Sheet Слова
